opcode,system_number,latitude_dd,longitude_dd,date_time,site,location,status,zone_type,depth_m,observer_count,observer_length,successful_count,successful_length,FishNClips,video_notes,left_camera,right_camera,rear_camera,forwards_habitat_image_saved,backwards_habitat_image_saved,successful_habitat_forwards,successful_habitat_backwards,successful_relief_forwards,successful_relief_backwards,observer_habitat_forwards,observer_habitat_backwards,maxn_complete_date,maxn_checker,length_complete_date,comment
INV-BV-169,1,-34.049815,120.8712167,2024-05-16T15:17:28+08:00,,Investigator Island,Fished,,53,Hannah Williams,Bri Beaulieu,Yes,Yes,Yes,Back camera off on retrieval due to flat battery pack,15,16,89,Yes,Yes,Yes,Yes,Yes,Yes,Bri Beaulieu,Bri Beaulieu,07/10/2024,Alex McLennan,05/12/2024,
INV-BV-064,2,-34.04789,120.9036683,2024-05-16T15:28:55+08:00,,Investigator Island,Fished,,68.2,,,No,No,No,Forgot to turn light on - super dark,17,18,90,Yes,Yes,Yes,Yes,Yes,Yes,Bri Beaulieu,Bri Beaulieu,,,,
INV-BV-073,3,-34.06011167,120.9139933,2024-05-16T15:38:56+08:00,,Investigator Island,Fished,,62,Darren Bullen,Bri Beaulieu,Yes,Yes,Yes,,19,20,91,Yes,Yes,Yes,Yes,Yes,Yes,Bri Beaulieu,Bri Beaulieu,10/07/2024,Hannah Williams,05/12/2024,checked again 10/10/24 & correct
INV-BV-237,4,-34.05714833,120.9210333,2024-05-16T15:43:58+08:00,,Investigator Island,Fished,,62,Hannah Williams,Bri Beaulieu,Yes,Yes,Yes,,21,22,92,Yes,Yes,Yes,Yes,Yes,Yes,Bri Beaulieu,Bri Beaulieu,07/10/2024,Alex McLennan,05/12/2024,
INV-BV-189,5,-34.06631667,120.9414017,2024-05-16T15:54:44+08:00,,Investigator Island,No-take,National Park Zone (IUCN II),66.2,,,No,No,No,"Light off on retrieval, period less than 60 minutes, video becomes too dark to see after roughly 20 minutes",23,24,93,Yes,Yes,Yes,Yes,Yes,Yes,Bri Beaulieu,Bri Beaulieu,,,,
INV-BV-221,1,-34.06567167,120.880245,2024-05-17T07:50:53+08:00,,Investigator Island,Fished,,63.8,Hannah Williams,Bri Beaulieu,Yes,Yes,Yes,"Bait arm broke off, replaced it",15,16,89,Yes,Yes,Yes,Yes,Yes,Yes,Bri Beaulieu,Bri Beaulieu,08/10/2024,Alex McLennan,08/12/2024,
INV-BV-205,2,-34.06723481,120.9016158,2024-05-17T08:00:49+08:00,,Investigator Island,Fished,,71.5,Hannah Williams,Tilly Rowell,Yes,Yes,Yes,,17,18,90,Yes,Yes,Yes,Yes,Yes,Yes,Bri Beaulieu,Bri Beaulieu,08/10/2024,Alex McLennan,,
INV-BV-032,3,-34.08993167,120.879345,2024-05-17T08:23:17+08:00,,Investigator Island,Fished,,75.1,Hannah Williams,Annika Leunig,Yes,Yes,Yes,,19,20,91,Yes,Yes,Yes,Yes,Yes,Yes,Bri Beaulieu,Bri Beaulieu,08/10/2024,Alex McLennan,06/12/2024,
INV-BV-048,4,-34.09665,120.873285,2024-05-17T08:30:36+08:00,,Investigator Island,Fished,,76.8,Tyrese Vincent,Annika Leunig,Yes,Yes,Yes,,21,22,92,Yes,Yes,Yes,Yes,Yes,Yes,Bri Beaulieu,Bri Beaulieu,17/10/2024,Hannah Williams,06/12/2024,
INV-BV-217,5,-34.06919333,120.928085,2024-05-17T08:55:33+08:00,,Investigator Island,Fished,,66.7,Tilly Rowell,Annika Leunig,Yes,Yes,Yes,,23,24,93,Yes,Yes,Yes,Yes,Yes,Yes,Bri Beaulieu,Bri Beaulieu,14/11/2024,Bri Beaulieu,17/12/2024,maxN checked again on 17/10/2024
INV-BV-225,6,-34.07071811,120.9489935,2024-05-17T09:05:05+08:00,,Investigator Island,No-take,National Park Zone (IUCN II),64.0,Hannah Williams,,Yes,No,Yes,One LED doesnâ€™t work - MaxN right - left obscured most of FOV by sponge,95,96,94,Yes,Yes,Yes,Yes,Yes,Yes,Bri Beaulieu,Bri Beaulieu,10/10/2024,,,
INV-BV-233,7,-34.06733,120.957755,2024-05-17T09:10:28+08:00,,Investigator Island,No-take,National Park Zone (IUCN II),65.6,Tyrese Vincent/Hannah Williams,Tilly Rowell,Yes,Yes,Yes,Unknown school and Labridae sp1 still unchecked!!! ,27,28,97,Yes,Yes,Yes,Yes,Yes,Yes,Bri Beaulieu,Bri Beaulieu,17/10/2024,Tilly Rowell,10/12/2024,
INV-BV-173,8,-34.06319651,120.9501878,2024-05-17T09:14:50+08:00,,Investigator Island,No-take,National Park Zone (IUCN II),68.0,Tilly Rowell,Annika Leunig,Yes,Yes,Yes,,29,30,98,Yes,Yes,Yes,Yes,Yes,Yes,Bri Beaulieu,Bri Beaulieu,14/11/2024,Bri Beaulieu,18/12/2024,
INV-BV-249,9,-34.04737757,120.9465183,2024-05-17T09:22:37+08:00,,Investigator Island,No-take,National Park Zone (IUCN II),58.1,Zoe Bullen/Hannah Williams,Tilly Rowell,Yes,Yes,Yes,,31,32,99,Yes,Yes,Yes,Yes,Yes,Yes,Bri Beaulieu,Bri Beaulieu,02/12/2024,Hannah Williams,10/12/2024,
INV-BV-044,10,-34.04340167,120.9401467,2024-05-17T09:27:00+08:00,,Investigator Island,No-take,National Park Zone (IUCN II),55.7,Ryan Simms,,Yes,No,Yes,"Camera L33 off when retrieved, no left video files for measuring - MaxN Right",33,34,00,Yes,Yes,Yes,Yes,Yes,Yes,Bri Beaulieu,Bri Beaulieu,9/12/2024,,,
INV-BV-016,1,-34.07576593,120.9876744,2024-05-17T11:23:28+08:00,,Investigator Island,No-take,National Park Zone (IUCN II),72,Tilly Rowell,Bri Beaulieu,Yes,Yes,Yes,,15,16,89,Yes,Yes,Yes,Yes,Yes,Yes,Bri Beaulieu,Bri Beaulieu,14/11/2024,Bri Beaulieu,08/12/2024,
INV-BV-124,2,-34.09454667,120.9916933,2024-05-17T11:30:11+08:00,,Investigator Island,No-take,National Park Zone (IUCN II),74,Tilly Rowell,Bri Beaulieu,Yes,Yes,Yes,,17,18,90,Yes,Yes,Yes,Yes,Yes,Yes,Bri Beaulieu,Bri Beaulieu,20/11/2024,Bri Beaulieu,08/12/2024,
INV-BV-197,3,-34.09420167,121.0136567,2024-05-17T11:38:59+08:00,,Investigator Island,No-take,National Park Zone (IUCN II),71.6,Tilly Rowell,Bri Beaulieu,Yes,Yes,Yes,,19,20,91,Yes,Yes,Yes,Yes,Yes,Yes,Bri Beaulieu,Bri Beaulieu,20/11/2024,Bri Beaulieu,09/12/2024,
INV-BV-213,4,-34.09884167,121.0262983,2024-05-17T11:45:27+08:00,,Investigator Island,No-take,National Park Zone (IUCN II),74.2,Tyrese Vincent,Bri Beaulieu,Yes,Yes,Yes,,21,22,92,Yes,Yes,Yes,Yes,Yes,Yes,Bri Beaulieu,Bri Beaulieu,17/07/2024,Hannah Williams,09/12/2024,
INV-BV-245,5,-34.09654833,121.045225,2024-05-17T11:53:38+08:00,,Investigator Island,No-take,National Park Zone (IUCN II),74.6,Maddy Riley,Bri Beaulieu,Yes,Yes,Yes,Back cam off,23,24,93,Yes,No,Yes,No,Yes,No,Bri Beaulieu,,15/10/2024,Hannah Williams,09/12/2024,
INV-BV-108,6,-34.098825,121.0516883,2024-05-17T11:58:17+08:00,,Investigator Island,No-take,National Park Zone (IUCN II),75.9,Tilly Rowell,Bri Beaulieu,Yes,Yes,Yes,,95,96,94,Yes,Yes,Yes,Yes,Yes,Yes,Bri Beaulieu,Bri Beaulieu,20/11/2024,Bri Beaulieu,09/12/2024,
INV-BV-152,7,-34.09492167,121.062615,2024-05-17T12:04:14+08:00,,Investigator Island,No-take,National Park Zone (IUCN II),75,Tilly Rowell,Bri Beaulieu,Yes,Yes,Yes,,27,28,97,Yes,Yes,Yes,Yes,Yes,Yes,Bri Beaulieu,Bri Beaulieu,20/11/2024,Bri Beaulieu,10/12/2024,
INV-BV-140,8,-34.08212,121.0875467,2024-05-17T12:15:18+08:00,,Investigator Island,No-take,National Park Zone (IUCN II),73,Tilly Rowell,Daniel Agnello,Yes,Yes,Yes,,29,30,98,Yes,Yes,Yes,Yes,Yes,Yes,Bri Beaulieu,Bri Beaulieu,21/11/2024,Bri Beaulieu,18/12/2024,
INV-BV-092,9,-34.07700333,121.084575,2024-05-17T12:20:59+08:00,,Investigator Island,No-take,National Park Zone (IUCN II),72,Tilly Rowell,Annika Leunig,Yes,Yes,Yes,,31,32,99,Yes,Yes,Yes,Yes,Yes,Yes,Bri Beaulieu,Bri Beaulieu,21/11/2024,Annika Leunig,10/12/2024,
INV-BV-020,10,-34.07260833,121.044385,2024-05-17T12:34:18+08:00,,Investigator Island,No-take,National Park Zone (IUCN II),72,Ryan Simms,Annika Leunig,Yes,Yes,Yes,,33,34,00,Yes,Yes,Yes,Yes,Yes,Yes,Bri Beaulieu,Bri Beaulieu,9/12/2024,Annika Leunig,10/12/2024,
INV-BV-160,1,-34.05277981,121.0132088,2024-05-17T14:24:52+08:00,,Investigator Island,No-take,National Park Zone (IUCN II),66.8,Tilly Rowell,Annika Leunig,Yes,Yes,Yes,Showed wrong opcode (156) first. BRUV pulled up 1.56 mins early so period is short: 58.4378,15,16,89,Yes,No,Yes,No,Yes,No,Bri Beaulieu,,22/11/2024,Annika Leunig,06/12/2024,
INV-BV-096,2,-34.057215,121.0087983,2024-05-17T14:30:05+08:00,,Investigator Island,No-take,National Park Zone (IUCN II),65.08,Tilly Rowell,Annika Leunig,Yes,Yes,Yes,,17,18,90,Yes,Yes,Yes,Yes,Yes,Yes,Bri Beaulieu,Bri Beaulieu,21/11/2024,Annika Leunig,06/12/2024,
INV-BV-156,3,-34.06674667,121.0080033,2024-05-17T14:37:46+08:00,,Investigator Island,No-take,National Park Zone (IUCN II),69.7,Tilly Rowell,Ryan Simms,Yes,Yes,Yes,,19,20,91,Yes,Yes,Yes,Yes,Yes,Yes,Bri Beaulieu,Bri Beaulieu,22/11/2024,Ryan Simms,09/01/2025,
INV-BV-028,4,-34.06147333,120.9889483,2024-05-17T14:46:23+08:00,,Investigator Island,No-take,National Park Zone (IUCN II),68.4,Tilly Rowell,Ryan Simms,Yes,Yes,Yes,Showed wrong opcode (241) first.,21,22,92,Yes,Yes,Yes,Yes,Yes,Yes,Bri Beaulieu,Bri Beaulieu,26/11/2024,Ryan Simms,09/01/2025,
INV-BV-241,5,-34.05163167,121.0044533,2024-05-17T14:55:56+08:00,,Investigator Island,No-take,National Park Zone (IUCN II),67,Tilly Rowell,Annika Leunig,Yes,Yes,Yes,BRUV pulled up 45 sec early so period is short: 59.2103,23,24,93,Yes,Yes,Yes,Yes,Yes,Yes,Bri Beaulieu,Bri Beaulieu,22/11/2024,Annika Leunig,18/12/2024,
INV-BV-165,6,-34.04486,121.015955,2024-05-17T15:04:07+08:00,,Investigator Island,No-take,National Park Zone (IUCN II),60.2,Tilly Rowell,Annika Leunig,Yes,Yes,Yes,BRUV pulled up 3.11 mins early so period is short: 57.8901,95,96,94,Yes,Yes,Yes,Yes,Yes,Yes,Bri Beaulieu,Bri Beaulieu,22/11/2024,Annika Leunig,18/12/2024,
INV-BV-CP1,1,-34.07586667,120.92211,2024-05-18T07:56:30+08:00,,Investigator Island,Fished,,68.5,Tilly Rowell,Annika Leunig,Yes,Yes,Yes,,15,16,89,Yes,Yes,Yes,Yes,Yes,Yes,Bri Beaulieu,Bri Beaulieu,26/11/2024,Annika Leunig,18/12/2024,
INV-BV-CP2,2,-34.06663167,120.9150433,2024-05-18T08:02:44+08:00,,Investigator Island,Fished,,55,Tilly Rowell,Annika Leunig,Yes,Yes,Yes,check U. vlamingii and Labridae spp only showed in 1 frame,17,18,90,Yes,Yes,Yes,Yes,Yes,Yes,Bri Beaulieu,Bri Beaulieu,27/11/2024,Annika Leunig,18/12/2024,
INV-BV-CP3,3,-34.06225667,120.92957,2024-05-18T08:11:14+08:00,,Investigator Island,Fished,,49.7,Maddy Riley,Tilly Rowell,Yes,Yes,Yes,,19,20,91,Yes,Yes,Yes,Yes,Yes,Yes,Bri Beaulieu,Bri Beaulieu,11/07/2024,Hannah Williams,10/12/2024,
INV-BV-CP4,4,-34.046405,120.927945,2024-05-18T08:19:51+08:00,,Investigator Island,No-take,National Park Zone (IUCN II),54.6,Tilly Rowell,Annika Leunig,Yes,Yes,Yes,,21,22,92,Yes,Yes,Yes,Yes,Yes,Yes,Bri Beaulieu,Bri Beaulieu,27/11/2024,Annika Leunig,17/12/2024,
INV-BV-185,5,-34.044275,120.9546517,2024-05-18T08:30:46+08:00,,Investigator Island,No-take,National Park Zone (IUCN II),58.7,Tilly Rowell,Annika Leunig,Yes,Yes,Yes,,23,24,93,Yes,Yes,Yes,Yes,Yes,Yes,Bri Beaulieu,Bri Beaulieu,27/11/2024,Annika Leunig,17/12/2024,
INV-BV-201,6,-34.036405,120.9502883,2024-05-18T08:36:02+08:00,,Investigator Island,No-take,National Park Zone (IUCN II),47.1,Tyrese Vincent/Hannah Williams,Annika Leunig,Yes,Yes,Yes,,95,96,94,Yes,Yes,Yes,Yes,Yes,Yes,Bri Beaulieu,Bri Beaulieu,18/10/2024,Annika Leunig,17/12/2024,A. gouldii female
INV-BV-089,7,-34.02823667,120.9415117,2024-05-18T08:42:27+08:00,,Investigator Island,No-take,National Park Zone (IUCN II),52,Ryan Simms,Tilly Rowell,Yes,Yes,Yes,,27,28,97,Yes,Yes,Yes,Yes,Yes,Yes,Bri Beaulieu,Bri Beaulieu,20/11/2024,Tilly Rowell,12/12/2024,
INV-BV-060,8,-34.03849,120.9764033,2024-05-18T09:00:11+08:00,,Investigator Island,No-take,National Park Zone (IUCN II),66,Ryan Simms,Tilly Rowell,Yes,Yes,Yes,,29,30,98,Yes,Yes,Yes,Yes,Yes,Yes,Bri Beaulieu,Bri Beaulieu,20/11/2024,Tilly Rowell,12/12/2024,
INV-BV-027,9,-34.0167,120.9737817,2024-05-18T09:09:50+08:00,,Investigator Island,No-take,National Park Zone (IUCN II),61.4,Ryan Simms,Tilly Rowell,Yes,Yes,Yes,,31,32,99,Yes,Yes,Yes,Yes,Yes,Yes,Bri Beaulieu,Bri Beaulieu,20/11/2024,Tilly Rowell,12/12/2024,
INV-BV-161,10,-34.01619833,120.9336667,2024-05-18T09:22:19+08:00,,Investigator Island,No-take,National Park Zone (IUCN II),50.3,Ryan Simms,Tilly Rowell,Yes,Yes,Yes,,33,34,00,Yes,Yes,Yes,Yes,Yes,Yes,Bri Beaulieu,Bri Beaulieu,25/11/2024,Tilly Rowell,12/12/2024,
INV-BV-144,1,-34.01255333,120.92583,2024-05-18T11:07:46+08:00,,Investigator Island,No-take,National Park Zone (IUCN II),52.6,Annika Leunig,Bri Beaulieu,Yes,Yes,Yes,,15,16,89,Yes,Yes,Yes,Yes,Yes,Yes,Bri Beaulieu,Bri Beaulieu,21/11/2024,Bri Beaulieu,19/12/2024,
INV-BV-177,2,-34.00899167,120.9398817,2024-05-18T11:15:05+08:00,,Investigator Island,No-take,National Park Zone (IUCN II),51.5,Annika Leunig,Tilly Rowell,Yes,Yes,Yes,,17,18,90,Yes,Yes,Yes,Yes,Yes,Yes,Bri Beaulieu,Bri Beaulieu,21/11/2024,Tilly Rowell,12/12/2024,
INV-BV-112,3,-34.00820833,120.9298717,2024-05-18T11:19:27+08:00,,Investigator Island,No-take,National Park Zone (IUCN II),51.7,Annika Leunig,Tilly Rowell,Yes,Yes,Yes,,19,20,91,Yes,Yes,Yes,Yes,Yes,Yes,Bri Beaulieu,Bri Beaulieu,21/11/2024,Tilly Rowell,12/12/2024,
INV-BV-128,4,-34.00217,120.9132267,2024-05-18T11:27:06+08:00,,Investigator Island,No-take,National Park Zone (IUCN II),53.1,Annika Leunig,Tilly Rowell,Yes,Yes,Yes,,21,22,92,Yes,Yes,Yes,Yes,Yes,Yes,Bri Beaulieu,Bri Beaulieu,21/11/2024,Tilly Rowell,12/12/2024,
INV-BV-015,5,-33.99510167,120.8740667,2024-05-18T11:40:24+08:00,,Investigator Island,No-take,National Park Zone (IUCN II),52.4,Annika Leunig,Tilly Rowell,Yes,Yes,Yes,,23,24,93,Yes,Yes,Yes,Yes,Yes,Yes,Bri Beaulieu,Bri Beaulieu,22/11/2024,Tilly Rowell,12/12/2024,
INV-BV-031,6,-33.99037333,120.910145,2024-05-18T11:54:05+08:00,,Investigator Island,No-take,National Park Zone (IUCN II),49.8,Annika Leunig,Tilly Rowell,Yes,Yes,Yes,Ran over and snapped line on retrieval,95,96,94,Yes,Yes,Yes,Yes,Yes,Yes,Bri Beaulieu,Bri Beaulieu,22/11/2024,Tilly Rowell,12/12/2024,
INV-BV-116,7,-33.97346833,120.9164417,2024-05-18T12:02:58+08:00,,Investigator Island,No-take,National Park Zone (IUCN II),44.9,Annika Leunig,Tilly Rowell,Yes,Yes,Yes,,27,28,97,Yes,Yes,Yes,Yes,Yes,Yes,Bri Beaulieu,Bri Beaulieu,22/11/2024,Tilly Rowell,13/12/2024,
INV-BV-084,8,-33.98135,120.9593883,2024-05-18T12:19:12+08:00,,Investigator Island,No-take,National Park Zone (IUCN II),50.2,Annika Leunig,Tilly Rowell,Yes,Yes,Yes,,29,30,98,Yes,Yes,Yes,Yes,Yes,Yes,Bri Beaulieu,Bri Beaulieu,25/11/2024,Tilly Rowell,13/12/2024,
INV-BV-059,9,-33.98856,120.986615,2024-05-18T12:30:22+08:00,,Investigator Island,No-take,National Park Zone (IUCN II),59.6,Annika Leunig,Tilly Rowell,Yes,Yes,Yes,Showed wrong opcode first,31,32,99,Yes,Yes,Yes,Yes,Yes,Yes,Bri Beaulieu,Bri Beaulieu,25/11/2024,Tilly Rowell,13/12/2024,
INV-BV-043,10,-33.99532,120.98087,2024-05-18T12:34:02+08:00,,Investigator Island,No-take,National Park Zone (IUCN II),60.4,Annika Leunig,Tilly Rowell,Yes,Yes,Yes,,33,34,00,Yes,Yes,Yes,Yes,Yes,Yes,Bri Beaulieu,Bri Beaulieu,25/11/2024,Tilly Rowell,13/12/2024,
INV-BV-011,1,-33.96717167,120.9942667,2024-05-18T14:33:24+08:00,,Investigator Island,No-take,National Park Zone (IUCN II),54,Annika Leunig,Tilly Rowell,Yes,Yes,Yes,,15,16,89,Yes,Yes,Yes,Yes,Yes,Yes,Bri Beaulieu,Bri Beaulieu,25/11/2024,Tilly Rowell,13/12/2024,
INV-BV-136,2,-33.96728667,120.964445,2024-05-18T14:41:39+08:00,,Investigator Island,No-take,National Park Zone (IUCN II),47.6,Annika Leunig,Tilly Rowell,Yes,Yes,Yes,,17,18,90,Yes,Yes,Yes,Yes,Yes,Yes,Bri Beaulieu,Bri Beaulieu,25/11/2024,Tilly Rowell,13/12/2024,
INV-BV-100,3,-33.96138667,120.9476817,2024-05-18T14:48:00+08:00,,Investigator Island,No-take,National Park Zone (IUCN II),46.5,Annika Leunig,Tilly Rowell,Yes,Yes,Yes, ,19,20,91,Yes,Yes,Yes,Yes,Yes,Yes,Bri Beaulieu,Bri Beaulieu,27/11/2024,Tilly Rowell,13/12/2024,
INV-BV-148,4,-33.95481667,120.925155,2024-05-18T14:56:02+08:00,,Investigator Island,No-take,National Park Zone (IUCN II),44.5,Annika Leunig,Tilly Rowell,Yes,Yes,Yes,,21,22,92,Yes,Yes,Yes,Yes,Yes,Yes,Bri Beaulieu,Bri Beaulieu,27/11/2024,Tilly Rowell,13/12/2024,
INV-BV-132,5,-33.95331333,120.9049533,2024-05-18T15:02:15+08:00,,Investigator Island,No-take,National Park Zone (IUCN II),47.3,Tyrese Vincent/Hannah Williams,Tilly Rowell,Yes,Yes,Yes,,23,24,93,Yes,Yes,Yes,Yes,Yes,Yes,Bri Beaulieu,Bri Beaulieu,18/10/2024,Hannah Williams,10/12/2024,
INV-BV-047,6,-33.95242333,120.8888767,2024-05-18T15:07:21+08:00,,Investigator Island,No-take,National Park Zone (IUCN II),46.5,Annika Leunig,Tilly Rowell,Yes,Yes,Yes,,95,96,94,Yes,Yes,Yes,Yes,Yes,Yes,Bri Beaulieu,Bri Beaulieu,27/11/2024,Tilly Rowell,13/12/2024,
INV-BV-079,1,-33.94115833,120.93682,2024-05-19T08:10:15+08:00,,Investigator Island,No-take,National Park Zone (IUCN II),37.7,Hayleigh Graham/Hannah Williams,Tilly Rowell,Yes,Yes,Yes,,15,16,89,Yes,Yes,Yes,Yes,Yes,Yes,Bri Beaulieu,Bri Beaulieu,14/10/2024,Lise Fournier-Carnoy,11/12/2024,
INV-BV-155,2,-33.938665,120.967,2024-05-19T08:22:12+08:00,,Investigator Island,No-take,National Park Zone (IUCN II),42.1,Hayleigh Graham/Hannah Williams,Tilly Rowell,Yes,Yes,Yes,"2x different unknowns, 2x 3D measurements = Failed",17,18,90,Yes,Yes,Yes,Yes,Yes,Yes,Bri Beaulieu,Bri Beaulieu,14/10/2024,Tilly Rowell,11/12/2024,
INV-BV-095,3,-33.93299667,120.957755,2024-05-19T08:26:46+08:00,,Investigator Island,No-take,National Park Zone (IUCN II),38.2,Hayleigh Graham,Tilly Rowell,Yes,Yes,Yes,,19,20,91,Yes,Yes,Yes,Yes,Yes,Yes,Bri Beaulieu,Bri Beaulieu,14/10/2024,Hannah Williams,11/12/2024,
INV-BV-111,4,-33.93156333,120.9377267,2024-05-19T08:34:02+08:00,,Investigator Island,No-take,National Park Zone (IUCN II),31.9,Hayleigh Graham/Hannah Williams,,Yes,No,Yes,Left camera stopped - MaxN from Right,21,22,92,Yes,Yes,Yes,Yes,Yes,Yes,Bri Beaulieu,Bri Beaulieu,14/10/2024,,,
INV-BV-115,5,-33.91680167,120.9359017,2024-05-19T08:39:51+08:00,,Investigator Island,Fished,,36.1,Hannah Williams,Tilly Rowell,Yes,Yes,Yes,,23,24,93,Yes,Yes,Yes,Yes,Yes,Yes,Bri Beaulieu,Bri Beaulieu,08/10/2024,Alex McLennan,11/12/2024,
INV-BV-083,6,-33.91964333,120.9052983,2024-05-19T08:49:10+08:00,,Investigator Island,Fished,,38.4,Malachi Riley,Tilly Rowell,Yes,Yes,Yes,No back cam footage,95,96,94,Yes,No,Yes,No,Yes,No,Bri Beaulieu,,17/10/2024,Hannah Williams,11/12/2024,
INV-BV-135,7,-33.92405333,120.901385,2024-05-19T08:53:02+08:00,,Investigator Island,No-take,National Park Zone (IUCN II),38.5,Malachi Riley,Tilly Rowell,Yes,Yes,Yes,,27,28,97,Yes,Yes,Yes,Yes,Yes,Yes,Bri Beaulieu,Bri Beaulieu,11/07/2024,Hannah Williams,11/12/2024,
INV-BV-147,8,-33.91266833,120.8754133,2024-05-19T09:02:47+08:00,,Investigator Island,Fished,,32.7,Hannah Williams,Tilly Rowell,Yes,Yes,Yes,No bait bag on retrieval ,29,30,98,Yes,Yes,Yes,Yes,Yes,Yes,Bri Beaulieu,Bri Beaulieu,10/10/2024,Lise Fournier-Carnoy,11/12/2024,
INV-BV-143,9,-33.93916,120.9101683,2024-05-19T09:16:45+08:00,,Investigator Island,No-take,National Park Zone (IUCN II),40.7,Hannah Williams,Tilly Rowell,Yes,Yes,Yes,,31,32,99,Yes,Yes,Yes,Yes,Yes,Yes,Bri Beaulieu,Bri Beaulieu,11/10/2024,Tilly Rowell,13/12/2024,
INV-BV-127,10,-33.94360667,120.905995,2024-05-19T09:19:14+08:00,,Investigator Island,No-take,National Park Zone (IUCN II),41.3,Hannah Williams,Daniel Agnello,Yes,Yes,Yes,,33,34,00,Yes,Yes,Yes,Yes,Yes,Yes,Bri Beaulieu,Bri Beaulieu,14/10/2024,Daniel Agnello,18/12/2024,
INV-BV-123,1,-33.94432,120.983545,2024-05-19T11:04:22+08:00,,Investigator Island,No-take,National Park Zone (IUCN II),40,Hannah Williams,Ryan Simms,Yes,Yes,Yes,,15,16,89,Yes,Yes,Yes,Yes,Yes,Yes,Bri Beaulieu,Bri Beaulieu,02/12/2024,Ryan Simms,18/12/2024,
INV-BV-039,2,-33.94596667,121.001215,2024-05-19T11:15:04+08:00,,Investigator Island,No-take,National Park Zone (IUCN II),51.3,Hannah Williams,Tilly Rowell,Yes,Yes,Yes,,17,18,90,Yes,Yes,Yes,Yes,Yes,Yes,Bri Beaulieu,Bri Beaulieu,02/12/2024,Tilly Rowell,13/12/2024,
INV-BV-119,3,-33.93698333,121.0113317,2024-05-19T11:21:32+08:00,,Investigator Island,No-take,National Park Zone (IUCN II),44,Ryan Simms,Daniel Agnello,Yes,Yes,Yes,,19,20,91,Yes,Yes,Yes,Yes,Yes,Yes,Bri Beaulieu,Bri Beaulieu,25/11/2024,Daniel Agnello,13/12/2024,
INV-BV-159,4,-33.93093167,120.9952667,2024-05-19T11:27:06+08:00,,Investigator Island,No-take,National Park Zone (IUCN II),40.4,Ryan Simms,Daniel Agnello,Yes,Yes,Yes,,21,22,92,Yes,Yes,Yes,Yes,Yes,Yes,Bri Beaulieu,Bri Beaulieu,25/11/2024,Daniel Agnello,13/12/2024,
INV-BV-099,5,-33.92126167,120.9961833,2024-05-19T11:33:36+08:00,,Investigator Island,Fished,,42,Ryan Simms,Daniel Agnello,Yes,Yes,Yes,,23,24,93,Yes,Yes,Yes,Yes,Yes,Yes,Bri Beaulieu,Bri Beaulieu,25/11/2024,Daniel Agnello,13/12/2024,
INV-BV-055,6,-33.91696,121.0045567,2024-05-19T11:37:32+08:00,,Investigator Island,Fished,,42.2,Ryan Simms,Daniel Agnello,Yes,Yes,Yes,No back cam footage,95,96,94,Yes,No,Yes,No,Yes,No,Bri Beaulieu,,25/11/2024,Daniel Agnello,13/12/2024,
INV-BV-107,7,-33.92413333,121.0362767,2024-05-19T11:46:46+08:00,,Investigator Island,No-take,National Park Zone (IUCN II),42.3,Daniel Agnello,Ryan Simms,Yes,Yes,Yes,,27,28,97,Yes,Yes,Yes,Yes,Yes,Yes,Bri Beaulieu,Bri Beaulieu,08/11/2024,Ryan Simms,17/12/2024,Large bait ball at 58mins
INV-BV-139,8,-33.92456,121.0428183,2024-05-19T11:49:56+08:00,,Investigator Island,No-take,National Park Zone (IUCN II),44.5,Daniel Agnello,Ryan Simms,Yes,Yes,Yes,,29,30,98,Yes,Yes,Yes,Yes,Yes,Yes,Bri Beaulieu,Bri Beaulieu,08/11/2024,Ryan Simms,17/12/2024,
INV-BV-103,9,-33.93891833,121.0384767,2024-05-19T11:55:26+08:00,,Investigator Island,No-take,National Park Zone (IUCN II),57.2,Daniel Agnello,Ryan Simms,Yes,Yes,Yes,,31,32,99,Yes,Yes,Yes,Yes,Yes,Yes,Bri Beaulieu,Bri Beaulieu,08/11/2024,Ryan Simms,17/12/2024,
INV-BV-087,10,-33.94366833,121.041215,2024-05-19T11:58:46+08:00,,Investigator Island,No-take,National Park Zone (IUCN II),48,Daniel Agnello,Ryan Simms,Yes,Yes,Yes,,33,34,00,Yes,Yes,Yes,Yes,Yes,Yes,Bri Beaulieu,Bri Beaulieu,11/11/2024,Ryan Simms,17/12/2024,
INV-BV-186,1,-33.900535,121.182855,2024-05-19T14:06:42+08:00,,Investigator Island,Fished,,49.2,Daniel Agnello,Ryan Simms,Yes,Yes,Yes,,15,16,89,Yes,Yes,Yes,Yes,Yes,Yes,Bri Beaulieu,Bri Beaulieu,11/11/2024,Ryan Simms,17/12/2024,
INV-BV-250,2,-33.91232,121.1896183,2024-05-19T14:11:14+08:00,,Investigator Island,Fished,,35.9,Tilly Rowell,Daniel Agnello,Yes,Yes,Yes,,17,18,90,Yes,Yes,Yes,Yes,Yes,Yes,Bri Beaulieu,Bri Beaulieu,27/11/2024,Daniel Agnello,13/12/2024,
INV-BV-118,3,-33.90287167,121.217575,2024-05-19T14:19:26+08:00,,Investigator Island,Fished,,46.8,Daniel Agnello,Ryan Simms,Yes,Yes,Yes,,19,20,91,Yes,Yes,Yes,Yes,Yes,Yes,Bri Beaulieu,Bri Beaulieu,11/11/2024,Ryan Simms,17/12/2024,
INV-BV-202,4,-33.90249,121.2095617,2024-05-19T14:22:31+08:00,,Investigator Island,Fished,,44.2,Tilly Rowell,Daniel Agnello,Yes,Yes,Yes,BRUV pulled up 2.5 mins early so period is short: 57.53,21,22,92,Yes,Yes,Yes,Yes,Yes,Yes,Bri Beaulieu,Bri Beaulieu,28/11/2024,Daniel Agnello,13/12/2024,
INV-BV-098,5,-33.89792,121.2147233,2024-05-19T14:25:01+08:00,,Investigator Island,Fished,,46.7,Tilly Rowell,Ryan Simms,Yes,Yes,Yes,sand in water column obstructed FOV with surge,23,24,93,Yes,Yes,Yes,Yes,Yes,Yes,Bri Beaulieu,Bri Beaulieu,28/11/2024,Ryan Simms,17/12/2024,
INV-BV-114,6,-33.89328833,121.218645,2024-05-19T14:27:07+08:00,,Investigator Island,Fished,,46.8,Tilly Rowell,Ryan Simms,Yes,Yes,Yes,No back cam footage,95,96,94,Yes,No,Yes,No,Yes,No,Bri Beaulieu,,28/11/2024,Ryan Simms,18/12/2024,
INV-BV-222,1,-33.869605,121.3941517,2024-05-21T13:27:19+08:00,,Investigator Island,Fished,,47.9,Bri Beaulieu,Ryan Simms,Yes,Yes,Yes,,15,16,89,Yes,Yes,Yes,Yes,Yes,Yes,Bri Beaulieu,Bri Beaulieu,20/11/2024,Ryan Simms,6/12/2024,
INV-BV-238,2,-33.85403667,121.390055,2024-05-21T13:33:43+08:00,,Investigator Island,Fished,,42.7,Bri Beaulieu,Ryan Simms,Yes,Yes,Yes,,17,18,90,Yes,Yes,Yes,Yes,Yes,Yes,Bri Beaulieu,Bri Beaulieu,20/11/2024,Ryan Simms,9/12/2024,
INV-BV-014,3,-33.82623833,121.37022,2024-05-21T13:44:57+08:00,,Investigator Island,Fished,,27.2,Ryan Simms,Bri Beaulieu,Yes,Yes,Yes,,19,20,91,Yes,Yes,Yes,Yes,Yes,Yes,Bri Beaulieu,Bri Beaulieu,9/12/2024,,09/01/2024,
INV-BV-094,4,-33.84163333,121.3753283,2024-05-21T13:51:16+08:00,,Investigator Island,Fished,,33.7,Bri Beaulieu,Ryan Simms,Yes,Yes,Yes,,21,22,92,Yes,Yes,Yes,Yes,Yes,Yes,Bri Beaulieu,Bri Beaulieu,19/11/2024,Ryan Simms,9/12/2024,
INV-BV-190,5,-33.85638333,121.3712417,2024-05-21T13:59:38+08:00,,Investigator Island,Fished,,32.5,Bri Beaulieu,Ryan Simms,Yes,Yes,Yes,,23,24,93,Yes,Yes,Yes,Yes,Yes,Yes,Bri Beaulieu,Bri Beaulieu,19/11/2024,Ryan Simms,9/12/2024,
INV-BV-206,6,-33.8722,121.38039,2024-05-21T14:06:44+08:00,,Investigator Island,Fished,,48.2,Bri Beaulieu,Ryan Simms,Yes,Yes,Yes,light shuts off at 14 minutes,95,96,94,Yes,Yes,Yes,Yes,Yes,Yes,Bri Beaulieu,Bri Beaulieu,19/11/2024,Ryan Simms,10/12/2024,
INV-BV-211,7,-33.88773833,121.3839133,2024-05-21T14:12:25+08:00,,Investigator Island,Fished,,,,,No,No,No,"Sounder malfunction, no depth. Light exploded mid drop",27,28,97,Yes,Yes,Yes,Yes,Yes,Yes,Bri Beaulieu,Bri Beaulieu,,,,
INV-BV-195,8,-33.88020667,121.379705,2024-05-21T14:16:08+08:00,,Investigator Island,Fished,,55.9,Bri Beaulieu,Ryan Simms,Yes,Yes,Yes,,29,30,98,Yes,Yes,Yes,Yes,Yes,Yes,Bri Beaulieu,Bri Beaulieu,,Ryan Simms,10/12/2024,
INV-BV-226,9,-33.871905,121.369865,2024-05-21T14:24:50+08:00,,Investigator Island,Fished,,46.7,Bri Beaulieu,Ryan Simms,Yes,Yes,Yes,,31,32,99,Yes,Yes,Yes,Yes,Yes,Yes,Bri Beaulieu,Bri Beaulieu,18/11/2024,Ryan Simms,10/12/2024,
INV-BV-275,10,-33.87523833,121.361605,2024-05-21T14:28:23+08:00,,Investigator Island,Fished,,45.3,Bri Beaulieu,Ryan Simms,Yes,Yes,Yes,,33,34,00,Yes,Yes,Yes,Yes,Yes,Yes,Bri Beaulieu,Bri Beaulieu,18/11/2024,Ryan Simms,10/12/2024,
INV-BV-243,1,-33.88457333,121.3364833,2024-05-22T07:50:37+08:00,,Investigator Island,Fished,,46.1,Hannah Williams,Ryan Simms,Yes,Yes,Yes,,15,16,89,Yes,Yes,Yes,Yes,Yes,Yes,Bri Beaulieu,Bri Beaulieu,09/10/2024,Claude Spencer,10/12/2024,
INV-BV-179,2,-33.89008809,121.3597308,2024-05-22T07:59:24+08:00,,Investigator Island,Fished,,53.4,Bri Beaulieu,Ryan Simms,Yes,Yes,Yes,Changed op code to 179- Bri,17,18,90,Yes,Yes,Yes,Yes,Yes,Yes,Bri Beaulieu,Bri Beaulieu,04/11/2024,Ryan Simms,10/12/2024,
INV-BV-154,3,-33.894085,121.36685,2024-05-22T08:02:11+08:00,,Investigator Island,Fished,,57.1,Bri Beaulieu,Ryan Simms,Yes,Yes,Yes,,19,20,91,Yes,Yes,Yes,Yes,Yes,Yes,Bri Beaulieu,Bri Beaulieu,04/11/2024,Ryan Simms,10/12/2024,
INV-BV-054,4,-33.907995,121.39762,2024-05-22T08:14:40+08:00,,Investigator Island,Fished,,56.3,,,No,No,No,light off- quite dark,21,22,92,Yes,Yes,Yes,Yes,Yes,Yes,Bri Beaulieu,Bri Beaulieu,,,,
INV-BV-163,5,-33.89742317,121.3538951,2024-05-22T08:27:43+08:00,,Investigator Island,Fished,,55,Bri Beaulieu,Ryan Simms,Yes,Yes,Yes,,23,24,93,Yes,Yes,Yes,Yes,Yes,Yes,Bri Beaulieu,Bri Beaulieu,04/11/2024,Ryan Simms,10/12/2024,
INV-BV-122,6,-33.90195,121.3463633,2024-05-22T08:32:08+08:00,,Investigator Island,Fished,,57,Bri Beaulieu,Ryan Simms,Yes,Yes,Yes,,95,96,94,Yes,Yes,Yes,Yes,Yes,Yes,Bri Beaulieu,Bri Beaulieu,04/11/2024,Ryan Simms,10/12/2024,
INV-BV-199,7,-33.89933333,121.3306017,2024-05-22T08:36:56+08:00,,Investigator Island,Fished,,47,Bri Beaulieu,Ryan Simms,Yes,Yes,Yes,,27,28,97,Yes,Yes,Yes,Yes,Yes,Yes,Bri Beaulieu,Bri Beaulieu,04/11/2024,Ryan Simms,10/12/2024,
INV-BV-167,8,-33.901865,121.3109333,2024-05-22T08:44:05+08:00,,Investigator Island,Fished,,53.1,Bri Beaulieu,Ryan Simms,Yes,Yes,Yes,,29,30,98,Yes,Yes,Yes,Yes,Yes,Yes,Bri Beaulieu,Bri Beaulieu,05/11/2024,Ryan Simms,10/12/2024,
INV-BV-231,9,-33.88274667,121.3099667,2024-05-22T08:52:52+08:00,,Investigator Island,Fished,,47,Bri Beaulieu,,Yes,No,Yes,"No back cam footage. Left camera settings changed, cannot load cal file for measurement",31,32,99,Yes,No,Yes,No,Yes,No,Bri Beaulieu,,05/11/2024,Ryan Simms,,
INV-BV-078,10,-33.883825,121.29139,2024-05-22T08:59:45+08:00,,Investigator Island,Fished,,49.4,Bri Beaulieu,Ryan Simms,Yes,Yes,Yes,,33,34,00,Yes,Yes,Yes,Yes,Yes,Yes,Bri Beaulieu,Bri Beaulieu,05/11/2024,Ryan Simms,11/12/2024,
INV-BV-046,1,-33.89829333,121.2558183,2024-05-22T10:45:39+08:00,,Investigator Island,Fished,,46.9,Bri Beaulieu,Ryan Simms,Yes,Yes,Yes,,15,16,89,Yes,Yes,Yes,Yes,Yes,Yes,Bri Beaulieu,Bri Beaulieu,06/11/2024,Ryan Simms,11/12/2024,
INV-BV-030,2,-33.91322333,121.2643667,2024-05-22T10:51:52+08:00,,Investigator Island,Fished,Special Purpose Zone (IUCN VI),56.3,Bri Beaulieu,Ryan Simms,Yes,Yes,Yes,,17,18,90,Yes,Yes,Yes,Yes,Yes,Yes,Bri Beaulieu,Bri Beaulieu,06/11/2024,Ryan Simms,11/12/2024,
INV-BV-058,3,-33.91489833,121.2850233,2024-05-22T11:00:09+08:00,,Investigator Island,Fished,Special Purpose Zone (IUCN VI),61.11,Bri Beaulieu,Ryan Simms,Yes,Yes,Yes,BRUV rocks up and down majority of video,19,20,91,Yes,Yes,Yes,Yes,Yes,Yes,Bri Beaulieu,Bri Beaulieu,06/11/2024,Ryan Simms,11/12/2024,
INV-BV-003,4,-33.94180667,121.2515517,2024-05-22T11:15:15+08:00,,Investigator Island,Fished,Special Purpose Zone (IUCN VI),66.9,Bri Beaulieu,Ryan Simms,Yes,Yes,Yes,,21,22,92,Yes,Yes,Yes,Yes,Yes,Yes,Bri Beaulieu,Bri Beaulieu,08/11/2024,Ryan Simms,11/12/2024,
INV-BV-138,5,-33.93254167,121.2212967,2024-05-22T11:25:35+08:00,,Investigator Island,Fished,Special Purpose Zone (IUCN VI),57,Bri Beaulieu,Ryan Simms,Yes,Yes,Yes,,23,24,93,Yes,Yes,Yes,Yes,Yes,Yes,Bri Beaulieu,Bri Beaulieu,08/11/2024,Ryan Simms,12/12/2024,
INV-BV-086,6,-33.92771333,121.22532,2024-05-22T11:28:38+08:00,,Investigator Island,Fished,Special Purpose Zone (IUCN VI),57,Bri Beaulieu,Ryan Simms,Yes,Yes,Yes,,95,96,94,Yes,Yes,Yes,Yes,Yes,Yes,Bri Beaulieu,Bri Beaulieu,08/11/2024,Ryan Simms,12/12/2024,
INV-BV-150,7,-33.93092833,121.2012917,2024-05-22T11:37:22+08:00,,Investigator Island,Fished,Special Purpose Zone (IUCN VI),51,Bri Beaulieu,Ryan Simms,Yes,Yes,Yes,,27,28,97,Yes,Yes,Yes,Yes,Yes,Yes,Bri Beaulieu,Bri Beaulieu,08/11/2024,Alex McLennan,18/12/2024,
INV-BV-234,8,-33.92438833,121.196415,2024-05-22T11:39:52+08:00,,Investigator Island,Fished,,51.8,Bri Beaulieu,Ryan Simms,Yes,Yes,Yes,,29,30,98,Yes,Yes,Yes,Yes,Yes,Yes,Bri Beaulieu,Bri Beaulieu,08/11/2024,Ryan Simms,12/12/2024,
INV-BV-134,9,-33.92407667,121.1718117,2024-05-22T11:49:26+08:00,,Investigator Island,Fished,,58,Bri Beaulieu,,Yes,No,Yes,"No back cam footage. Left camera settings not correct, cannot load cal file for lengths",31,32,99,Yes,No,Yes,No,Yes,No,Bri Beaulieu,,08/11/2024,Ryan Simms,,
INV-BV-102,10,-33.91407333,121.2369017,2024-05-22T12:09:28+08:00,,Investigator Island,Fished,Special Purpose Zone (IUCN VI),56,Bri Beaulieu,Ryan Simms,Yes,Yes,Yes,,33,34,00,Yes,Yes,Yes,Yes,Yes,Yes,Bri Beaulieu,Bri Beaulieu,08/11/2024,Ryan Simms,12/12/2024,
INV-BV-218,1,-33.94311333,121.191685,2024-05-22T14:06:11+08:00,,Investigator Island,Fished,Special Purpose Zone (IUCN VI),58.2,Bri Beaulieu,Ryan Simms,Yes,Yes,Yes,period is 58 minutes,15,16,89,Yes,Yes,Yes,Yes,Yes,Yes,Bri Beaulieu,Bri Beaulieu,08/11/2024,Ryan Simms,12/12/2024,
INV-BV-130,2,-33.94526333,121.20274,2024-05-22T14:10:43+08:00,,Investigator Island,Fished,Special Purpose Zone (IUCN VI),63,Bri Beaulieu,Ryan Simms,Yes,Yes,Yes,period is approximately 59 minutes,17,18,90,Yes,Yes,Yes,Yes,Yes,Yes,Bri Beaulieu,Bri Beaulieu,09/11/2024,Ryan Simms,12/12/2024,
INV-BV-062,3,-33.95399333,121.2194367,2024-05-22T14:19:04+08:00,,Investigator Island,Fished,Special Purpose Zone (IUCN VI),66,Bri Beaulieu,Ryan Simms,Yes,Yes,Yes,,19,20,91,Yes,Yes,Yes,Yes,Yes,Yes,Bri Beaulieu,Bri Beaulieu,09/11/2024,Ryan Simms,12/12/2024,
INV-BV-174,4,-33.95756,121.179625,2024-05-22T14:33:14+08:00,,Investigator Island,Fished,Special Purpose Zone (IUCN VI),66,Bri Beaulieu,Ryan Simms,Yes,Yes,Yes,,21,22,92,Yes,Yes,Yes,Yes,Yes,Yes,Bri Beaulieu,Bri Beaulieu,11/11/2024,Ryan Simms,12/12/2024,
INV-BV-067,5,-33.95518167,121.133055,2024-05-22T14:47:21+08:00,,Investigator Island,No-take,National Park Zone (IUCN II),46,Bri Beaulieu,Ryan Simms,Yes,Yes,Yes,,23,24,93,Yes,Yes,Yes,Yes,Yes,Yes,Bri Beaulieu,Bri Beaulieu,11/11/2024,Ryan Simms,12/12/2024,
INV-BV-019,6,-33.95025167,121.1690933,2024-05-22T14:58:10+08:00,,Investigator Island,Fished,Special Purpose Zone (IUCN VI),61,Bri Beaulieu,Ryan Simms,Yes,Yes,Yes,,95,96,94,Yes,Yes,Yes,Yes,Yes,Yes,Bri Beaulieu,Bri Beaulieu,11/11/2024,Ryan Simms,12/12/2024,
INV-BV-198,1,-34.01644167,121.04582,2024-05-23T08:33:01+08:00,,Investigator Island,No-take,National Park Zone (IUCN II),63.1,Bri Beaulieu,Ryan Simms,Yes,Yes,Yes,Forgot to turn light on- pooled Parequula into spp (both schooling together here- trying to avoid double counting: Bri),15,16,89,Yes,Yes,Yes,Yes,Yes,Yes,Bri Beaulieu,Bri Beaulieu,11/11/2024,Ryan Simms,12/12/2024,
INV-BV-072,2,-34.02145667,121.0529833,2024-05-23T08:37:34+08:00,,Investigator Island,No-take,National Park Zone (IUCN II),63.4,Bri Beaulieu,Ryan Simms,Yes,Yes,Yes,,17,18,90,Yes,Yes,Yes,Yes,Yes,Yes,Bri Beaulieu,Bri Beaulieu,11/11/2024,Ryan Simms,12/12/2024,
INV-BV-040,3,-34.02976,121.0588417,2024-05-23T08:42:30+08:00,,Investigator Island,No-take,National Park Zone (IUCN II),63,Bri Beaulieu,Ryan Simms,Yes,Yes,Yes,No back cam footage,19,20,91,Yes,No,Yes,No,Yes,No,Bri Beaulieu,,11/11/2024,Ryan Simms,12/12/2024,
INV-BV-024,4,-34.03069333,121.068825,2024-05-23T08:46:15+08:00,,Investigator Island,No-take,National Park Zone (IUCN II),65.5,Bri Beaulieu,,No,No,Yes,light off- very dark hard to maxN (Bri),21,22,92,Yes,Yes,Yes,Yes,Yes,Yes,Bri Beaulieu,Bri Beaulieu,,,,
INV-BV-193,5,-34.043755,121.0560483,2024-05-23T08:52:59+08:00,,Investigator Island,No-take,National Park Zone (IUCN II),70.1,Bri Beaulieu,Ryan Simms,Yes,Yes,Yes,,23,24,93,Yes,Yes,Yes,Yes,Yes,Yes,Bri Beaulieu,Bri Beaulieu,12/11/2024,Ryan Simms,13/12/2024,
INV-BV-209,6,-34.043125,121.0456117,2024-05-23T08:56:57+08:00,,Investigator Island,No-take,National Park Zone (IUCN II),67.8,Bri Beaulieu,Ryan Simms,Yes,Yes,Yes,,95,96,94,Yes,Yes,Yes,Yes,Yes,Yes,Bri Beaulieu,Bri Beaulieu,12/11/2024,Ryan Simms,13/12/2024,
INV-BV-036,7,-34.05795833,121.0456417,2024-05-23T09:03:57+08:00,,Investigator Island,No-take,National Park Zone (IUCN II),71.8,Bri Beaulieu,Ryan Simms,Yes,Yes,Yes,,27,28,97,Yes,Yes,Yes,Yes,Yes,Yes,Bri Beaulieu,Bri Beaulieu,12/11/2024,Ryan Simms,13/12/2024,
INV-BV-229,8,-34.04131167,121.0236583,2024-05-23T09:17:57+08:00,,Investigator Island,No-take,National Park Zone (IUCN II),59.9,Bri Beaulieu,Ryan Simms,Yes,Yes,Yes,Showed the wrong code(165),29,30,98,Yes,Yes,Yes,Yes,Yes,Yes,Bri Beaulieu,Bri Beaulieu,12/11/2024,Ryan Simms,13/12/2024,
INV-BV-181,9,-34.02971,121.0226983,2024-05-23T09:23:04+08:00,,Investigator Island,No-take,National Park Zone (IUCN II),64.2,Bri Beaulieu,Ryan Simms,Yes,Yes,Yes,,31,32,99,Yes,Yes,Yes,Yes,Yes,Yes,Bri Beaulieu,Bri Beaulieu,12/11/2024,Ryan Simms,13/12/2024,
INV-BV-242,10,-34.02238333,121.0234517,2024-05-23T09:28:13+08:00,,Investigator Island,No-take,National Park Zone (IUCN II),64.1,Bri Beaulieu,Ryan Simms,Yes,Yes,Yes,,33,34,00,Yes,Yes,Yes,Yes,Yes,Yes,Bri Beaulieu,Bri Beaulieu,12/11/2024,Ryan Simms,13/12/2024,
INV-BV-166,1,-34.01846,121.0160583,2024-05-23T10:37:45+08:00,,Investigator Island,No-take,National Park Zone (IUCN II),64,Bri Beaulieu,Ryan Simms,Yes,Yes,Yes,,15,16,89,Yes,Yes,Yes,Yes,Yes,Yes,Bri Beaulieu,Bri Beaulieu,13/11/2024,Ryan Simms,13/12/2024,
INV-BV-056,2,-34.00117667,121.0616667,2024-05-23T10:55:28+08:00,,Investigator Island,No-take,National Park Zone (IUCN II),65,Bri Beaulieu,Ryan Simms,Yes,Yes,Yes,,17,18,90,Yes,Yes,Yes,Yes,Yes,Yes,Bri Beaulieu,Bri Beaulieu,13/11/2024,Ryan Simms,13/12/2024,
INV-BV-088,3,-34.00229833,121.0484333,2024-05-23T11:01:06+08:00,,Investigator Island,No-take,National Park Zone (IUCN II),64,Bri Beaulieu,Ryan Simms,Yes,Yes,Yes,No back cam footage,19,20,91,Yes,No,Yes,No,Yes,No,Bri Beaulieu,,13/11/2024,Ryan Simms,13/12/2024,
INV-BV-210,4,-34.00455333,121.0334667,2024-05-23T11:07:09+08:00,,Investigator Island,No-take,National Park Zone (IUCN II),61,Bri Beaulieu,Ryan Simms,Yes,Yes,Yes,,21,22,92,Yes,Yes,Yes,Yes,Yes,Yes,Bri Beaulieu,Bri Beaulieu,13/11/2024,Ryan Simms,13/12/2024,
INV-BV-182,5,-34.00247167,121.006875,2024-05-23T11:16:03+08:00,,Investigator Island,No-take,National Park Zone (IUCN II),60,Bri Beaulieu,Ryan Simms,Yes,Yes,Yes,,23,24,93,Yes,Yes,Yes,Yes,Yes,Yes,Bri Beaulieu,Bri Beaulieu,13/11/2024,Ryan Simms,13/12/2024,
INV-BV-230,6,-33.99550833,121.0181333,2024-05-23T11:22:38+08:00,,Investigator Island,No-take,National Park Zone (IUCN II),59,Bri Beaulieu,Ryan Simms,Yes,Yes,Yes,,95,96,94,Yes,Yes,Yes,Yes,Yes,Yes,Bri Beaulieu,Bri Beaulieu,14/11/2024,Ryan Simms,13/12/2024,
INV-BV-104,7,-33.98498333,121.0131383,2024-05-23T11:29:06+08:00,,Investigator Island,No-take,National Park Zone (IUCN II),60,Bri Beaulieu,Ryan Simms,Yes,Yes,Yes,,27,28,97,Yes,Yes,Yes,Yes,Yes,Yes,Bri Beaulieu,Bri Beaulieu,14/11/2024,Ryan Simms,16/12/2024,
INV-BV-120,8,-33.97642333,121.027415,2024-05-23T11:34:45+08:00,,Investigator Island,No-take,National Park Zone (IUCN II),60,Bri Beaulieu,Ryan Simms,Yes,Yes,Yes,,29,30,98,Yes,Yes,Yes,Yes,Yes,Yes,Bri Beaulieu,Bri Beaulieu,15/11/2024,Ryan Simms,16/12/2024,
INV-BV-012,9,-33.96451333,121.0604283,2024-05-23T11:46:19+08:00,,Investigator Island,No-take,National Park Zone (IUCN II),59,Bri Beaulieu,Ryan Simms,Yes,Yes,Yes,,31,32,99,Yes,Yes,Yes,Yes,Yes,Yes,Bri Beaulieu,Bri Beaulieu,15/11/2024,Ryan Simms,16/12/2024,
INV-BV-162,10,-33.96217333,121.085565,2024-05-23T11:53:50+08:00,,Investigator Island,No-take,National Park Zone (IUCN II),53,Bri Beaulieu,Ryan Simms,Yes,Yes,Yes,Camera rolls and changes direction at 20 mins ,33,34,00,Yes,Yes,Yes,Yes,Yes,Yes,Bri Beaulieu,Bri Beaulieu,15/11/2024,Ryan Simms,16/12/2024,
INV-BV-178,1,-33.97056333,121.0953467,2024-05-23T13:58:58+08:00,,Investigator Island,No-take,National Park Zone (IUCN II),58.3,Bri Beaulieu,Ryan Simms,Yes,Yes,Yes,Period is 58 minutes. Light is off,15,16,89,Yes,Yes,Yes,Yes,Yes,Yes,Bri Beaulieu,Bri Beaulieu,15/11/2024,Ryan Simms,16/12/2024,
INV-BV-052,2,-33.990005,121.11376,2024-05-23T14:08:45+08:00,,Investigator Island,No-take,National Park Zone (IUCN II),68.6,Bri Beaulieu,Ryan Simms,Yes,Yes,Yes,,17,18,90,Yes,Yes,Yes,Yes,Yes,Yes,Bri Beaulieu,Bri Beaulieu,15/11/2024,Ryan Simms,16/12/2024,
INV-BV-008,3,-33.97642833,121.125715,2024-05-23T14:15:01+08:00,,Investigator Island,No-take,National Park Zone (IUCN II),71,Bri Beaulieu,Daniel Agnello,Yes,Yes,Yes,"OP code reads 008 (changed in labsheet- Bri)- video cuts off left at 49 mins, MaxN completed on right",19,20,91,Yes,No,Yes,No,Yes,No,Bri Beaulieu,,9/1/2025,Daniel Agnello,10/1/2024,
INV-BV-068,4,-33.975835,121.1155967,2024-05-23T14:19:11+08:00,,Investigator Island,No-take,National Park Zone (IUCN II),71,,,No,No,No,Lights are off,21,22,92,Yes,Yes,Yes,Yes,Yes,Yes,Bri Beaulieu,Bri Beaulieu,,,,
INV-BV-215,5,-33.9560522,121.1025119,2024-05-23T14:27:29+08:00,,Investigator Island,No-take,National Park Zone (IUCN II),62,Bri Beaulieu,Annika Leunig,Yes,Yes,Yes,,23,24,93,Yes,Yes,Yes,Yes,Yes,Yes,Bri Beaulieu,Bri Beaulieu,15/11/2024,,12/12/2024,
INV-BV-247,6,-33.95532,121.092045,2024-05-23T14:30:05+08:00,,Investigator Island,No-take,National Park Zone (IUCN II),58,Bri Beaulieu,Annika Leunig,Yes,Yes,Yes,check portusjacksoni length,95,96,94,Yes,Yes,Yes,Yes,Yes,Yes,Bri Beaulieu,Bri Beaulieu,15/11/2024,Annika Leunig,12/12/2024,
INV-BV-071,7,-33.95587,121.0736833,2024-05-23T14:37:21+08:00,,Investigator Island,No-take,National Park Zone (IUCN II),59,Bri Beaulieu,Annika Leunig,Yes,Yes,Yes,,27,28,97,Yes,Yes,Yes,Yes,Yes,Yes,Bri Beaulieu,Bri Beaulieu,18/11/2024,Annika Leunig,12/12/2024,
INV-BV-051,1,-33.900675,121.0827067,2024-05-24T07:43:19+08:00,,Investigator Island,Fished,,40.7,Annika Leunig,Ryan Simms,Yes,Yes,Yes,,15,16,89,Yes,Yes,Yes,Yes,Yes,Yes,Bri Beaulieu,Bri Beaulieu,31/10/2024,Ryan Simms,16/12/2024,
INV-BV-007,2,-33.90613167,121.05662,2024-05-24T07:51:37+08:00,,Investigator Island,Fished,,40,Annika Leunig,Ryan Simms,Yes,Yes,Yes,,17,18,90,Yes,Yes,Yes,Yes,Yes,Yes,Bri Beaulieu,Bri Beaulieu,31/10/2024,Ryan Simms,16/12/2024,
INV-BV-023,3,-33.90463,121.0363083,2024-05-24T07:59:08+08:00,,Investigator Island,Fished,,41.9,Annika Leunig,Ryan Simms,Yes,Yes,Yes,,19,20,91,Yes,Yes,Yes,Yes,Yes,Yes,Bri Beaulieu,Bri Beaulieu,1/11/2024,Ryan Simms,16/12/2024,
INV-BV-091,4,-33.92175167,121.0738017,2024-05-24T08:13:06+08:00,,Investigator Island,No-take,National Park Zone (IUCN II),48.1,Annika Leunig,Ryan Simms,Yes,Yes,Yes,No bait left halfway through,21,22,92,Yes,Yes,Yes,Yes,Yes,Yes,Bri Beaulieu,Bri Beaulieu,1/11/2024,Ryan Simms,16/12/2024,
INV-BV-203,5,-33.94201333,121.0692183,2024-05-24T08:22:00+08:00,,Investigator Island,No-take,National Park Zone (IUCN II),54.4,Annika Leunig,Ryan Simms,Yes,Yes,Yes,,23,24,93,Yes,Yes,Yes,Yes,Yes,Yes,Bri Beaulieu,Bri Beaulieu,1/11/2024,Ryan Simms,16/12/2024,
INV-BV-171,6,-33.935465,121.0861,2024-05-24T08:29:02+08:00,,Investigator Island,No-take,National Park Zone (IUCN II),54.4,Annika Leunig,Ryan Simms,Yes,Yes,Yes,,95,96,94,Yes,Yes,Yes,Yes,Yes,Yes,Bri Beaulieu,Bri Beaulieu,1/11/2024,Ryan Simms,16/12/2024,
INV-BV-187,7,-33.93238833,121.09424,2024-05-24T08:32:33+08:00,,Investigator Island,No-take,National Park Zone (IUCN II),54.1,Annika Leunig,Ryan Simms,Yes,Yes,Yes,,27,28,97,Yes,Yes,Yes,Yes,Yes,Yes,Bri Beaulieu,Bri Beaulieu,18/11/2024,Ryan Simms,17/12/2024,
INV-BV-075,8,-33.923125,121.0938717,2024-05-24T08:41:02+08:00,,Investigator Island,No-take,National Park Zone (IUCN II),52.2,Annika Leunig,Ryan Simms,Yes,Yes,Yes,,29,30,98,Yes,Yes,Yes,Yes,Yes,Yes,Bri Beaulieu,Bri Beaulieu,28/10/24,Ryan Simms,17/12/2024,
INV-BV-151,9,-33.929335,121.1100833,2024-05-24T08:46:56+08:00,,Investigator Island,No-take,National Park Zone (IUCN II),55.8,Annika Leunig,Ryan Simms,Yes,Yes,Yes,,31,32,99,Yes,Yes,Yes,Yes,Yes,Yes,Bri Beaulieu,Bri Beaulieu,18/11/2024,Ryan Simms,17/12/2024,
INV-BV-035,10,-33.91030667,121.1172467,2024-05-24T08:57:37+08:00,,Investigator Island,No-take,National Park Zone (IUCN II),24.6,Annika Leunig,Ryan Simms,Yes,Yes,Yes,,33,34,00,Yes,Yes,Yes,Yes,Yes,Yes,Bri Beaulieu,Bri Beaulieu,21/11/24,Ryan Simms,17/12/2024,
INV-BV-021,1,-33.9719466,121.1620925,2024-05-24T10:50:48+08:00,,Investigator Island,No-take,National Park Zone (IUCN II),70.8,Bri Beaulieu,Annika Leunig,Yes,Yes,Yes,,15,16,89,Yes,Yes,Yes,Yes,Yes,Yes,Bri Beaulieu,Bri Beaulieu,20/11/2024,Annika Leunig,12/12/2024,
INV-BV-101,2,-33.99975167,121.1499417,2024-05-24T11:02:19+08:00,,Investigator Island,No-take,National Park Zone (IUCN II),72.5,Bri Beaulieu,Annika Leunig,Yes,Yes,Yes,,17,18,90,Yes,Yes,Yes,Yes,Yes,Yes,Bri Beaulieu,Bri Beaulieu,20/11/2024,Annika Leunig,12/12/2024,
INV-BV-235,3,-33.97689667,121.185705,2024-05-24T11:16:35+08:00,,Investigator Island,Fished,Special Purpose Zone (IUCN VI),59,Bri Beaulieu,Annika Leunig,Yes,Yes,Yes,,19,20,91,Yes,Yes,Yes,Yes,Yes,Yes,Bri Beaulieu,Bri Beaulieu,10/12/2024,Annika Leunig,12/12/2024,
INV-BV-005,4,-34.00980667,121.1829817,2024-05-24T11:29:55+08:00,,Investigator Island,Fished,Special Purpose Zone (IUCN VI),55.3,Annika Leunig,Ryan Simms,Yes,Yes,Yes,,21,22,92,Yes,Yes,Yes,Yes,Yes,Yes,Bri Beaulieu,Bri Beaulieu,27/11/2024,Ryan Simms,17/12/2024,
INV-BV-137,5,-34.00243167,121.1902183,2024-05-24T11:36:14+08:00,,Investigator Island,Fished,Special Purpose Zone (IUCN VI),76.5,Annika Leunig,Ryan Simms,Yes,Yes,Yes,Showed wrong code (005),23,24,93,Yes,Yes,Yes,Yes,Yes,Yes,Bri Beaulieu,Bri Beaulieu,28/11/2024,Ryan Simms,17/12/2024,
INV-BV-001,6,-33.99043167,121.2208117,2024-05-24T11:46:43+08:00,,Investigator Island,Fished,Special Purpose Zone (IUCN VI),75.4,Bri Beaulieu,Annika Leunig,Yes,Yes,Yes,,95,96,94,Yes,Yes,Yes,Yes,Yes,Yes,Bri Beaulieu,Bri Beaulieu,27/11/2024,Annika Leunig,10/12/2024,
INV-BV-017,7,-33.98296167,121.2167083,2024-05-24T11:51:23+08:00,,Investigator Island,Fished,Special Purpose Zone (IUCN VI),74,Bri Beaulieu,Annika Leunig,Yes,Yes,Yes,,27,28,97,Yes,Yes,Yes,Yes,Yes,Yes,Bri Beaulieu,Bri Beaulieu,27/11/2024,Annika Leunig,12/12/2024,
INV-BV-175,8,-33.98206333,121.2036667,2024-05-24T11:56:15+08:00,,Investigator Island,Fished,Special Purpose Zone (IUCN VI),71,Bri Beaulieu,Annika Leunig,Yes,Yes,Yes,,29,30,98,Yes,Yes,Yes,Yes,Yes,Yes,Bri Beaulieu,Bri Beaulieu,27/11/2024,Annika Leunig,12/12/2024,
INV-BV-219,9,-33.97470052,121.2042592,2024-05-24T12:01:06+08:00,,Investigator Island,Fished,Special Purpose Zone (IUCN VI),66,Annika Leunig,Ryan Simms,Yes,Yes,Yes,  ,31,32,99,Yes,Yes,Yes,Yes,Yes,Yes,Bri Beaulieu,Bri Beaulieu,28/11/2024,Ryan Simms,17/12/2024,
INV-BV-146,10,-33.97012333,121.2104167,2024-05-24T12:07:24+08:00,,Investigator Island,Fished,Special Purpose Zone (IUCN VI),68.7,Annika Leunig,Ryan Simms,Yes,Yes,Yes,,33,34,00,Yes,Yes,Yes,Yes,Yes,Yes,Bri Beaulieu,Bri Beaulieu,28/11/2024,Ryan Simms,17/12/2024,
FIG-BV-14,1,-34.03389167,121.6227317,2024-05-25T10:05:51+08:00,,Investigator Island,Fished,,57.2,Trevor Dimer,Zach Howman,Yes,Yes,Yes,,15,16,89,Yes,Yes,Yes,Yes,Yes,Yes,Bri Beaulieu,Bri Beaulieu,09/10/2024,Hannah Williams,12/12/2024,
FIG-BV-04,2,-34.039785,121.6328583,2024-05-25T10:10:40+08:00,,Investigator Island,Fished,,71.4,Hannah Williams,Annika Leunig,Yes,Yes,Yes,,17,18,90,Yes,Yes,Yes,Yes,Yes,Yes,Bri Beaulieu,Bri Beaulieu,08/10/2024,Annika Leunig,17/12/2024,
FIG-BV-09,3,-34.04040167,121.6401867,2024-05-25T10:14:24+08:00,,Investigator Island,Fished,,75,Zoe Bullen,Zach Howman,Yes,Yes,Yes,,19,20,91,Yes,Yes,Yes,Yes,Yes,Yes,Bri Beaulieu,Bri Beaulieu,02/12/2024,Hannah Williams,12/12/2024,
FIG-BV-07,4,-34.04890833,121.6183233,2024-05-25T10:21:23+08:00,,Investigator Island,Fished,,75.2,Zoe Bullen,Zach Howman,Yes,Yes,Yes,Bait arm broke off on retrieval,21,22,92,Yes,Yes,Yes,Yes,Yes,Yes,Bri Beaulieu,Bri Beaulieu,02/12/2024,Hannah Williams,09/01/2025,
FIG-BV-10,5,-34.04267,121.6001383,2024-05-25T10:29:26+08:00,,Investigator Island,Fished,,68.2,Tilly Rowell,Daniel Agnello,Yes,Yes,Yes,,23,24,93,Yes,Yes,Yes,Yes,Yes,Yes,Bri Beaulieu,Bri Beaulieu,28/11/2024,Daniel Agnello,18/12/2024,
FIG-BV-06,6,-34.04746667,121.5964817,2024-05-25T10:34:57+08:00,,Investigator Island,Fished,,47,Hannah Williams,Daniel Agnello,Yes,Yes,Yes,,95,96,94,Yes,Yes,Yes,Yes,Yes,Yes,Bri Beaulieu,Bri Beaulieu,02/12/2024,Daniel Agnello,18/12/2024,
FIG-BV-15,7,-34.03112167,121.5798033,2024-05-25T10:44:25+08:00,,Investigator Island,Fished,,76.5,Tyrese Vincent/Hannah Williams,Daniel Agnello,Yes,Yes,Yes,,27,28,97,Yes,Yes,Yes,Yes,Yes,Yes,Bri Beaulieu,Bri Beaulieu,02/12/2024,Daniel Agnello,18/12/2024,
FIG-BV-11,8,-34.02117333,121.5879433,2024-05-25T10:50:03+08:00,,Investigator Island,Fished,,70.6,Tyrese Vincent,Daniel Agnello,Yes,Yes,Yes,,29,30,98,Yes,Yes,Yes,Yes,Yes,Yes,Bri Beaulieu,Bri Beaulieu,02/12/2024,Hannah Williams,18/12/2024,GWS
FIG-BV-01,9,-34.00307167,121.6185083,2024-05-25T11:01:43+08:00,,Investigator Island,Fished,,49.8,Hannah Williams,Daniel Agnello,Yes,Yes,Yes,,31,32,99,Yes,Yes,Yes,Yes,Yes,Yes,Bri Beaulieu,Bri Beaulieu,02/12/2024,Daniel Agnello,18/12/2024,
FIG-BV-CP1,1,-34.00951833,121.6413517,2024-05-25T12:23:47+08:00,,Investigator Island,Fished,,29.7,Tilly Rowell,Bri Beaulieu,Yes,Yes,Yes,Period is 57 minutes (appeared to run to 60),15,16,89,Yes,Yes,Yes,Yes,Yes,Yes,Bri Beaulieu,Bri Beaulieu,29/11/2024,Bri Beaulieu,19/12/2024,
FIG-BV-CP2,2,-34.01251,121.6539183,2024-05-25T12:27:44+08:00,,Investigator Island,Fished,,38.4,Tilly Rowell,Bri Beaulieu,Yes,Yes,Yes,Period is 57.5 minutes ,17,18,90,Yes,Yes,Yes,Yes,Yes,Yes,Bri Beaulieu,Bri Beaulieu,29/11/2024,Bri Beaulieu,20/12/2024,
FIG-BV-CP3,3,-34.01174167,121.6667,2024-05-25T12:32:28+08:00,,Investigator Island,Fished,,59.3,Tilly Rowell,Ryan Simms,Yes,Yes,Yes,"Period is 57 minutes, MaxN in Rcam, FOV changed multiple times ",19,20,91,Yes,Yes,Yes,Yes,Yes,Yes,Bri Beaulieu,Bri Beaulieu,04/12/2024,Ryan Simms,08/01/2025,
FIG-BV-08,4,-33.99513,121.65544,2024-05-25T12:40:50+08:00,,Investigator Island,Fished,,41.8,Tilly Rowell,Ryan Simms,Yes,Yes,Yes,Period is 57 minutes,21,22,92,Yes,Yes,Yes,Yes,Yes,Yes,Bri Beaulieu,Bri Beaulieu,04/12/2024,Bri Beaulieu,08/01/2025,all habitat images are swarmed by leatherjackets
FIG-BV-02,5,-33.99319959,121.7031397,2024-05-25T12:57:20+08:00,,Investigator Island,Fished,,20,Ryan Simms,Bri Beaulieu,Yes,Yes,Yes,"GPS malfunction, point added on pickup- period 57 mins",23,24,93,Yes,Yes,Yes,Yes,Yes,Yes,Bri Beaulieu,Bri Beaulieu,4/12/2024,,21/12/2024,
FIG-BV-12,6,-33.99866043,121.7056242,2024-05-25T12:59:38+08:00,,Investigator Island,Fished,,52.4,Ryan Simms,Bri Beaulieu,Yes,Yes,Yes,"GPS malfunction, point added on pickup-period is 53 minutes",95,96,94,Yes,Yes,Yes,Yes,Yes,Yes,Bri Beaulieu,Bri Beaulieu,2/12/2024,,03/01/2025,
FIG-BV-05,7,-34.01300167,121.6933917,2024-05-25T13:04:48+08:00,,Investigator Island,Fished,,63.9,Ryan Simms,Bri Beaulieu,Yes,Yes,Yes,Period is 53 minutes,27,28,97,Yes,Yes,Yes,Yes,Yes,Yes,Bri Beaulieu,Bri Beaulieu,2/12/2024,,03/01/2025,
FIG-BV-13,8,-34.02617167,121.65983,2024-05-25T13:13:20+08:00,,Investigator Island,Fished,,65.5,Ryan Simms,Bri Beaulieu,Yes,Yes,Yes,Lights appear to be off- can still somewhat see- Period is 54 minutes,29,30,98,Yes,Yes,Yes,Yes,Yes,Yes,Bri Beaulieu,Bri Beaulieu,2/12/2024,,03/01/2025,
INV-BV-082,1,-33.95092833,121.2836,2024-05-26T08:01:50+08:00,,Investigator Island,Fished,Special Purpose Zone (IUCN VI),66.6,Annika Leunig,Bri Beaulieu,Yes,Yes,Yes,,15,16,89,Yes,Yes,Yes,Yes,Yes,Yes,Bri Beaulieu,Bri Beaulieu,28/11/2024,,03/01/2025,
INV-BV-170,2,-33.95408,121.2947483,2024-05-26T08:05:49+08:00,,Investigator Island,Fished,Special Purpose Zone (IUCN VI),61,Annika Leunig,Bri Beaulieu,Yes,Yes,Yes,,17,18,90,Yes,Yes,Yes,Yes,Yes,Yes,Bri Beaulieu,Bri Beaulieu,28/11/2024,,03/01/2025,
INV-BV-214,3,-33.957295,121.2866567,2024-05-26T08:09:34+08:00,,Investigator Island,Fished, ,58,Annika Leunig,Bri Beaulieu,Yes,Yes,Yes,,19,20,91,Yes,Yes,Yes,Yes,Yes,Yes,Bri Beaulieu,Bri Beaulieu,4/12/2024,,03/01/2025,
INV-BV-246,4,-33.961485,121.293835,2024-05-26T08:13:37+08:00,,Investigator Island,Fished,Special Purpose Zone (IUCN VI),68,Maddy Riley,Bri Beaulieu,Yes,Yes,Yes,gws 65 mins,21,22,92,Yes,Yes,Yes,Yes,Yes,Yes,Bri Beaulieu,Bri Beaulieu,15/07/2024,Hannah Williams,03/01/2025,
INV-BV-158,5,-33.97008,121.2818717,2024-05-26T08:19:10+08:00,,Investigator Island,Fished,Special Purpose Zone (IUCN VI),70,Maddy Riley/Hannah Williams,Bri Beaulieu,Yes,Yes,Yes,,23,24,93,Yes,Yes,Yes,Yes,Yes,Yes,Bri Beaulieu,Bri Beaulieu,17/10/2024,Hannah Williams,03/01/2025,
INV-BV-153,6,-33.98416167,121.2769417,2024-05-26T08:25:50+08:00,,Investigator Island,Fished,Special Purpose Zone (IUCN VI),73.7,,,No,No,No,Can't find footage for forwards,95,96,94,No,Yes,No,Yes,No,Yes,,Bri Beaulieu,,,,
INV-BV-188,7,-33.99879167,121.2848017,2024-05-26T08:32:26+08:00,,Investigator Island,Fished,Special Purpose Zone (IUCN VI),75,Zach Howman,Annika Leunig,Yes,Yes,Yes,,27,28,97,Yes,Yes,Yes,Yes,Yes,Yes,Bri Beaulieu,Bri Beaulieu,20/11/2024,Bri Beaulieu,19/12/2024,
INV-BV-204,8,-34.00051333,121.3057533,2024-05-26T08:39:37+08:00,,Investigator Island,Fished,Special Purpose Zone (IUCN VI),71,Zach Howman,Annika Leunig,Yes,Yes,Yes,,29,30,98,Yes,Yes,Yes,Yes,Yes,Yes,Bri Beaulieu,Bri Beaulieu,20/11/2024,Bri Beaulieu,19/12/2024,
INV-BV-220,9,-33.99233,121.2962783,2024-05-26T08:45:01+08:00,,Investigator Island,Fished,Special Purpose Zone (IUCN VI),67,Zach Howman,Annika Leunig,Yes,Yes,Yes,,31,32,99,Yes,Yes,Yes,Yes,Yes,Yes,Bri Beaulieu,Bri Beaulieu,20/11/2024,Bri Beaulieu,19/12/2024,
INV-BV-236,10,-33.9776,121.308375,2024-05-26T08:52:33+08:00,,Investigator Island,Fished,Special Purpose Zone (IUCN VI),70,Zach Howman,Annika Leunig,Yes,Yes,Yes,,33,34,00,Yes,Yes,Yes,Yes,Yes,Yes,Bri Beaulieu,Bri Beaulieu,20/11/2024,Annika Leunig,19/12/2024,
INV-BV-057,1,-33.991315,121.3380483,2024-05-26T10:15:13+08:00,,Investigator Island,Fished,Special Purpose Zone (IUCN VI),70.1,Zach Howman,Annika Leunig,Yes,Yes,Yes,,15,16,89,Yes,Yes,Yes,Yes,Yes,Yes,Bri Beaulieu,Bri Beaulieu,21/11/2024,Annika Leunig,19/12/2024,
INV-BV-041,2,-34.005765,121.3368883,2024-05-26T10:20:54+08:00,,Investigator Island,Fished,Special Purpose Zone (IUCN VI),71.2,Zach Howman,Bri Beaulieu,Yes,Yes,Yes,,17,18,90,Yes,Yes,Yes,Yes,Yes,Yes,Bri Beaulieu,Bri Beaulieu,21/11/2024,,03/01/2025,
INV-BV-228,3,-34.01093167,121.3473617,2024-05-26T10:26:14+08:00,,Investigator Island,Fished,Special Purpose Zone (IUCN VI),51.3,Zach Howman,Bri Beaulieu,Yes,Yes,Yes,,19,20,91,Yes,Yes,Yes,Yes,Yes,Yes,Bri Beaulieu,Bri Beaulieu,27/11/2024,,04/01/2025,
INV-BV-224,4,-34.01859333,121.3467933,2024-05-26T10:28:50+08:00,,Investigator Island,Fished,Special Purpose Zone (IUCN VI),71,Zach Howman,Bri Beaulieu,Yes,Yes,Yes,,21,22,92,Yes,Yes,Yes,Yes,Yes,Yes,Bri Beaulieu,Bri Beaulieu,27/11/2024,,04/01/2025,
INV-BV-013,5,-34.02024833,121.3357333,2024-05-26T10:34:18+08:00,,Investigator Island,Fished,Special Purpose Zone (IUCN VI),73.1,Zach Howman,Bri Beaulieu,Yes,Yes,Yes,,23,24,93,Yes,Yes,Yes,Yes,Yes,Yes,Bri Beaulieu,Bri Beaulieu,27/11/2024,,05/01/2025,
INV-BV-240,6,-34.049205,121.3489483,2024-05-26T10:45:00+08:00,,Investigator Island,Fished,Special Purpose Zone (IUCN VI),67,Hannah Williams,Bri Beaulieu,Yes,Yes,Yes,,95,96,94,Yes,Yes,Yes,Yes,Yes,Yes,Bri Beaulieu,Bri Beaulieu,09/10/2024,Claude Spencer,05/01/2025,
INV-BV-164,7,-34.05394,121.3616867,2024-05-26T10:49:44+08:00,,Investigator Island,Fished,Special Purpose Zone (IUCN VI),71,Zach Howman,Bri Beaulieu,Yes,Yes,Yes,BRUV flips on side,27,28,97,Yes,Yes,Yes,Yes,Yes,Yes,Bri Beaulieu,Bri Beaulieu,27/11/2024,,05/01/2025,
INV-BV-192,8,-34.028585,121.3832567,2024-05-26T11:01:02+08:00,,Investigator Island,Fished,Special Purpose Zone (IUCN VI),65.4,Zach Howman,Bri Beaulieu,Yes,Yes,Yes,,29,30,98,Yes,Yes,Yes,Yes,Yes,Yes,Bri Beaulieu,Bri Beaulieu,28/11/2024,,06/01/2025,
INV-BV-208,9,-34.02089333,121.3788733,2024-05-26T11:05:33+08:00,,Investigator Island,Fished,Special Purpose Zone (IUCN VI),43,Zach Howman,Bri Beaulieu,Yes,Yes,Yes,,31,32,99,Yes,Yes,Yes,Yes,Yes,Yes,Bri Beaulieu,Bri Beaulieu,28/11/2024,,08/01/2025,
INV-BV-029,10,-34.01746333,121.401635,2024-05-26T11:14:15+08:00,,Investigator Island,Fished,,67,Zach Howman,Bri Beaulieu,Yes,Yes,Yes,,33,34,00,Yes,Yes,Yes,Yes,Yes,Yes,Bri Beaulieu,Bri Beaulieu,14/11/2024,Bri Beaulieu,08/01/2025,
INV-BV-176,1,-33.998595,121.3861333,2024-05-26T13:08:12+08:00,,Investigator Island,Fished,Special Purpose Zone (IUCN VI),58.3,Zach Howman,Bri Beaulieu,Yes,Yes,Yes,,15,16,89,Yes,Yes,Yes,Yes,Yes,Yes,Bri Beaulieu,Bri Beaulieu,28/11/2024,,08/01/2025,
INV-BV-121,2,-33.98688,121.381295,2024-05-26T13:12:49+08:00,,Investigator Island,Fished,Special Purpose Zone (IUCN VI),61.9,Zach Howman,Bri Beaulieu,Yes,Yes,Yes,,17,18,90,Yes,Yes,Yes,Yes,Yes,Yes,Bri Beaulieu,Bri Beaulieu,5/12/2024,,08/01/2025,
INV-BV-142,3,-33.98180333,121.3783983,2024-05-26T13:16:02+08:00,,Investigator Island,Fished,Special Purpose Zone (IUCN VI),61.7,Ryan Simms,Bri Beaulieu,Yes,Yes,Yes,,19,20,91,Yes,Yes,Yes,Yes,Yes,Yes,Bri Beaulieu,Bri Beaulieu,2/12/2024,,08/01/2025,
INV-BV-110,4,-33.95841667,121.39104,2024-05-26T13:25:27+08:00,,Investigator Island,Fished,,63.4,Ryan Simms,Bri Beaulieu,Yes,Yes,Yes,,21,22,92,Yes,Yes,Yes,Yes,Yes,Yes,Bri Beaulieu,Bri Beaulieu,28/11/2024,,09/01/2025,
INV-BV-010,5,-33.94320333,121.3786617,2024-05-26T13:32:14+08:00,,Investigator Island,Fished,,62,Ryan Simms,Bri Beaulieu,Yes,Yes,Yes,,23,24,93,Yes,Yes,Yes,Yes,Yes,Yes,Bri Beaulieu,Bri Beaulieu,28/11/2024,,09/01/2025,
INV-BV-070,6,-33.94869555,121.3522435,2024-05-26T13:40:26+08:00,,Investigator Island,Fished,Special Purpose Zone (IUCN VI),65.1,Ryan Simms,Bri Beaulieu,Yes,Yes,Yes,"GPS Malfunction, no drop location, added after the fact",95,96,94,Yes,Yes,Yes,Yes,Yes,Yes,Bri Beaulieu,Bri Beaulieu,28/11/2024,,09/01/2025,
INV-BV-126,7,-33.95949,121.3401283,2024-05-26T13:46:40+08:00,,Investigator Island,Fished,Special Purpose Zone (IUCN VI),66.7,Ryan Simms,Bri Beaulieu,Yes,Yes,Yes,,27,28,97,Yes,Yes,Yes,Yes,Yes,Yes,Bri Beaulieu,Bri Beaulieu,28/11/2024,,09/01/2025,
INV-BV-DOC1,1,-33.843135,121.3535783,2024-05-27T08:04:52+08:00,,Investigator Island,Fished,,28,Tyrese Vincent/Hannah Williams,Ryan Simms,Yes,Yes,Yes,,15,16,89,Yes,Yes,Yes,Yes,Yes,Yes,Bri Beaulieu,Bri Beaulieu,02/12/2024,Ryan Simms,08/01/2025,
INV-BV-DOC2,2,-33.84666833,121.3674167,2024-05-27T08:12:17+08:00,,Investigator Island,Fished,,30.6,Hannah Williams,Ryan Simms,Yes,Yes,Yes,"Kelp periodically covering cameras, making lengths difficult",17,18,90,Yes,Yes,Yes,Yes,Yes,Yes,Bri Beaulieu,Bri Beaulieu,03/12/2024,Ryan Simms,08/01/2025,
INV-BV-DOC3,3,-33.85627333,121.3613833,2024-05-27T08:19:08+08:00,,Investigator Island,Fished,,30,Tilly Rowell,Ryan Simms,Yes,Yes,Yes,,19,20,91,Yes,Yes,Yes,Yes,Yes,Yes,Bri Beaulieu,Bri Beaulieu,05/12/2024,Ryan Simms,08/01/2025,
INV-BV-DOC4,4,-33.84719,121.3965033,2024-05-27T08:29:23+08:00,,Investigator Island,Fished,,41,Annika Leunig,Ryan Simms,Yes,Yes,Yes,lights off so difficult to maxN,21,22,92,Yes,Yes,Yes,Yes,Yes,Yes,Bri Beaulieu,Bri Beaulieu,5/12/2024,Ryan Simms,18/12/2024,
INV-BV-DOC5,5,-33.84676833,121.413505,2024-05-27T08:36:14+08:00,,Investigator Island,Fished,,29.5,Ryan Simms,Bri Beaulieu,Yes,Yes,Yes,,23,24,93,Yes,Yes,Yes,Yes,Yes,Yes,Bri Beaulieu,Bri Beaulieu,4/12/2024,,09/01/2025,
INV-BV-DOC6,6,-33.85607833,121.435155,2024-05-27T08:44:45+08:00,,Investigator Island,Fished,,43.6,Ryan Simms,Bri Beaulieu,Yes,Yes,Yes,,95,96,94,Yes,Yes,Yes,Yes,Yes,Yes,Bri Beaulieu,Bri Beaulieu,5/12/2024,Ryan Simms,09/01/2025,
INV-BV-DOC7,7,-33.85279333,121.453495,2024-05-27T08:50:35+08:00,,Investigator Island,Fished,,39,Hannah Williams,Ryan Simms,Yes,Yes,Yes,,27,28,97,Yes,Yes,Yes,Yes,Yes,Yes,Bri Beaulieu,Bri Beaulieu,,,19/12/2024,
INV-BV-DOC8,8,-33.84921667,121.472075,2024-05-27T08:58:06+08:00,,Investigator Island,Fished,,36.3,Ryan Simms,Annika Leunig,Yes,Yes,Yes,,29,30,98,Yes,Yes,Yes,Yes,Yes,Yes,Bri Beaulieu,Bri Beaulieu,5/12/2024,Annika Leunig,19/12/2024,
INV-BV-DOC9,9,-33.84107167,121.45497,2024-05-27T09:05:04+08:00,,Investigator Island,Fished,,30.5,Tilly Rowell,Annika Leunig,Yes,Yes,Yes,  ,31,32,99,Yes,Yes,Yes,Yes,Yes,Yes,Bri Beaulieu,Bri Beaulieu,5/12/2024,Annika Leunig,18/12/2024,
INV-BV-DOC10,10,-33.84214667,121.4462767,2024-05-27T09:08:50+08:00,,Investigator Island,Fished,,27.5,Annika Leunig,Ryan Simms,Yes,Yes,Yes,,33,34,00,Yes,Yes,Yes,Yes,Yes,Yes,Bri Beaulieu,Bri Beaulieu,5/12/2024,Ryan Simms,18/12/2024,
INV-BV-DOC11,1,-33.86506,121.4331333,2024-05-27T10:49:25+08:00,,Investigator Island,Fished,,47,Ryan Simms,Annika Leunig,Yes,Yes,Yes,,15,16,89,Yes,Yes,Yes,Yes,Yes,Yes,Bri Beaulieu,Bri Beaulieu,,Annika Leunig,12/12/2024,
INV-BV-DOC12,2,-33.88096167,121.440545,2024-05-27T10:56:44+08:00,,Investigator Island,Fished,,48.5,Zach Howman,Annika Leunig,Yes,Yes,Yes,,17,18,90,Yes,Yes,Yes,Yes,Yes,Yes,Bri Beaulieu,Bri Beaulieu,5/12/2024,Annika Leunig,12/12/2024,
INV-BV-DOC13,3,-33.880765,121.4630833,2024-05-27T11:03:03+08:00,,Investigator Island,Fished,,41.2,Zach Howman,Annika Leunig,Yes,Yes,Yes,,19,20,91,Yes,Yes,Yes,Yes,Yes,Yes,Bri Beaulieu,Bri Beaulieu,,Annika Leunig,12/12/24,
INV-BV-DOC14,4,-33.88863833,121.4722867,2024-05-27T11:10:10+08:00,,Investigator Island,Fished,,36.7,Annika Leunig,Hannah Williams,Yes,Yes,Yes,lights off ,21,22,92,Yes,Yes,Yes,Yes,Yes,Yes,Bri Beaulieu,Bri Beaulieu,6/12/2024,Hannah Williams,06/12/2024,
INV-BV-DOC15,5,-33.88870833,121.48063,2024-05-27T11:14:04+08:00,,Investigator Island,Fished,,36,Hannah Williams,Ryan Simms,Yes,Yes,Yes,,23,24,93,Yes,Yes,Yes,Yes,Yes,Yes,Bri Beaulieu,Bri Beaulieu,03/12/2024,Ryan Simms,18/12/2024,
INV-BV-DOC16,6,-33.88766167,121.4887183,2024-05-27T11:21:15+08:00,,Investigator Island,Fished,,36.1,Ryan Simms,Hannah Williams,Yes,Yes,Yes,,95,96,94,Yes,Yes,Yes,Yes,Yes,Yes,Bri Beaulieu,Bri Beaulieu,5/12/2024,Hannah Williams,06/12/2024,
INV-BV-DOC17,7,-33.884395,121.5003133,2024-05-27T11:29:01+08:00,,Investigator Island,Fished,,48.1,Ryan Simms,Hannah Williams,Yes,Yes,Yes,,27,28,97,Yes,Yes,Yes,Yes,Yes,Yes,Bri Beaulieu,Bri Beaulieu,6/12/2024,Hannah Williams,06/12/2024,
INV-BV-DOC18,8,-33.87819,121.4995017,2024-05-27T11:34:13+08:00,,Investigator Island,Fished,,37.3,Hayleigh Graham,Ryan Simms,Yes,Yes,Yes,,29,30,98,Yes,Yes,Yes,Yes,Yes,Yes,Bri Beaulieu,Bri Beaulieu,15/10/2024,Hannah Williams,18/12/2024,A. gouldii Male